Exec Time,Spread,Side,Qty,Pos Effect,Symbol,Exp,Strike,Type,Price,Net Price,Order Type
8/9/2025 0:40,STOCK,BUY,1700,TO CLOSE,BTAI,,,STOCK,4.2,4.2,LMT
8/9/2025 0:40,STOCK,BUY,1200,TO CLOSE,BTAI,,,STOCK,4.2,4.2,LMT
8/9/2025 0:38,STOCK,BUY,100,TO CLOSE,BTAI,,,STOCK,4.2,4.2,LMT
8/9/2025 0:32,STOCK,SELL,-500,TO OPEN,BTAI,,,STOCK,4.435,4.435,LMT
8/9/2025 0:30,STOCK,SELL,-500,TO OPEN,BTAI,,,STOCK,4.37,4.37,LMT
8/9/2025 0:30,STOCK,SELL,-500,TO OPEN,BTAI,,,STOCK,4.25,4.25,LMT
8/9/2025 0:29,STOCK,SELL,-500,TO OPEN,BTAI,,,STOCK,4.1906,4.1906,LMT
8/9/2025 0:29,STOCK,SELL,-500,TO OPEN,BTAI,,,STOCK,4.12,4.12,LMT
8/9/2025 0:29,STOCK,SELL,-500,TO OPEN,BTAI,,,STOCK,4.08,4.08,LMT
8/9/2025 0:27,STOCK,BUY,3100,TO CLOSE,BTAI,,,STOCK,3.98,3.98,LMT
8/9/2025 0:22,STOCK,SELL,-250,TO OPEN,BTAI,,,STOCK,4.23,4.23,LMT
8/9/2025 0:22,STOCK,SELL,-50,TO OPEN,BTAI,,,STOCK,4.23,4.23,LMT
8/9/2025 0:16,STOCK,SELL,-300,TO OPEN,BTAI,,,STOCK,4.16,4.16,LMT
8/9/2025 0:14,STOCK,SELL,-271,TO OPEN,BTAI,,,STOCK,4.13,4.13,LMT
8/9/2025 0:14,STOCK,SELL,-229,TO OPEN,BTAI,,,STOCK,4.13,4.13,LMT
8/8/2025 23:54,STOCK,SELL,-500,TO OPEN,BTAI,,,STOCK,4.12,4.12,LMT
8/8/2025 23:51,STOCK,SELL,-500,TO OPEN,BTAI,,,STOCK,4.11,4.11,LMT
8/8/2025 23:49,STOCK,SELL,-500,TO OPEN,BTAI,,,STOCK,3.94,3.94,LMT
8/8/2025 23:47,STOCK,SELL,-500,TO OPEN,BTAI,,,STOCK,4.065,4.065,LMT
8/8/2025 23:43,STOCK,BUY,3000,TO CLOSE,BTAI,,,STOCK,3.975,3.975,LMT
8/8/2025 23:41,STOCK,SELL,-250,TO OPEN,BTAI,,,STOCK,4.37,4.37,LMT
8/8/2025 23:41,STOCK,SELL,-250,TO OPEN,BTAI,,,STOCK,4.37,4.37,LMT
8/8/2025 23:40,STOCK,SELL,-500,TO OPEN,BTAI,,,STOCK,4.26,4.26,LMT
8/8/2025 23:38,STOCK,SELL,-500,TO OPEN,BTAI,,,STOCK,4.1,4.1,LMT
8/8/2025 23:37,STOCK,SELL,-430,TO OPEN,BTAI,,,STOCK,4,4,LMT
8/8/2025 23:37,STOCK,SELL,-70,TO OPEN,BTAI,,,STOCK,4,4,LMT
8/8/2025 23:36,STOCK,SELL,-1000,TO OPEN,BTAI,,,STOCK,3.96,3.96,LMT
8/8/2025 23:35,STOCK,SELL,-1000,TO CLOSE,BTAI,,,STOCK,3.99,3.99,LMT
8/8/2025 23:35,STOCK,BUY,1000,TO OPEN,BTAI,,,STOCK,4.01,4.01,LMT
8/8/2025 23:35,STOCK,BUY,721,TO CLOSE,SPRU,,,STOCK,1.44,1.44,LMT
8/8/2025 23:35,STOCK,BUY,60,TO CLOSE,SPRU,,,STOCK,1.44,1.44,LMT
8/8/2025 23:34,STOCK,BUY,191,TO CLOSE,SPRU,,,STOCK,1.44,1.44,LMT
8/8/2025 23:34,STOCK,BUY,28,TO CLOSE,SPRU,,,STOCK,1.44,1.44,LMT
8/8/2025 23:32,STOCK,SELL,-1000,TO CLOSE,BTAI,,,STOCK,4.03,4.03,LMT
8/8/2025 23:31,STOCK,SELL,-635,TO OPEN,SPRU,,,STOCK,1.53,1.53,LMT
8/8/2025 23:31,STOCK,SELL,-246,TO OPEN,SPRU,,,STOCK,1.53,1.53,LMT
8/8/2025 23:31,STOCK,SELL,-119,TO OPEN,SPRU,,,STOCK,1.53,1.53,LMT
8/8/2025 23:31,STOCK,BUY,1000,TO OPEN,BTAI,,,STOCK,4,4,LMT
8/8/2025 23:31,STOCK,BUY,1000,TO CLOSE,SPRU,,,STOCK,1.65,1.65,LMT
8/8/2025 23:30,STOCK,SELL,-1000,TO OPEN,SPRU,,,STOCK,1.5708,1.5708,LMT
8/8/2025 23:20,STOCK,SELL,-1949,TO CLOSE,SPRU,,,STOCK,1.6001,1.6001,LMT
8/8/2025 23:20,STOCK,SELL,-50,TO CLOSE,SPRU,,,STOCK,1.61,1.61,LMT
8/8/2025 23:20,STOCK,SELL,-1,TO CLOSE,SPRU,,,STOCK,1.61,1.61,LMT
8/8/2025 23:19,STOCK,BUY,2000,TO OPEN,SPRU,,,STOCK,1.7,1.7,LMT
8/8/2025 23:09,STOCK,SELL,-2000,TO CLOSE,SPRU,,,STOCK,1.6601,1.6601,LMT
8/8/2025 23:08,STOCK,BUY,600,TO OPEN,SPRU,,,STOCK,1.6,1.6,LMT
8/8/2025 23:08,STOCK,BUY,400,TO OPEN,SPRU,,,STOCK,1.6,1.6,LMT
8/8/2025 23:07,STOCK,BUY,1000,TO OPEN,SPRU,,,STOCK,1.57,1.57,LMT
8/8/2025 23:06,STOCK,SELL,-2000,TO CLOSE,SPRU,,,STOCK,1.59,1.59,LMT
8/8/2025 23:03,STOCK,BUY,305,TO OPEN,SPRU,,,STOCK,1.55,1.55,LMT
8/8/2025 23:03,STOCK,BUY,533,TO OPEN,SPRU,,,STOCK,1.55,1.55,LMT
8/8/2025 23:03,STOCK,BUY,235,TO OPEN,SPRU,,,STOCK,1.55,1.55,LMT
8/8/2025 23:03,STOCK,BUY,1,TO OPEN,SPRU,,,STOCK,1.55,1.55,LMT
8/8/2025 23:03,STOCK,BUY,135,TO OPEN,SPRU,,,STOCK,1.55,1.55,LMT
8/8/2025 23:03,STOCK,BUY,119,TO OPEN,SPRU,,,STOCK,1.55,1.55,LMT
8/8/2025 23:03,STOCK,BUY,5,TO OPEN,SPRU,,,STOCK,1.55,1.55,LMT
8/8/2025 23:03,STOCK,BUY,395,TO OPEN,SPRU,,,STOCK,1.55,1.55,LMT
8/8/2025 23:03,STOCK,BUY,33,TO OPEN,SPRU,,,STOCK,1.55,1.55,LMT
8/8/2025 23:03,STOCK,BUY,239,TO OPEN,SPRU,,,STOCK,1.55,1.55,LMT
8/8/2025 23:01,STOCK,BUY,400,TO CLOSE,SPRU,,,STOCK,1.56,1.56,LMT
8/8/2025 23:01,STOCK,BUY,400,TO CLOSE,SPRU,,,STOCK,1.56,1.56,LMT
8/8/2025 23:01,STOCK,BUY,111,TO CLOSE,SPRU,,,STOCK,1.56,1.56,LMT
8/8/2025 23:01,STOCK,BUY,399,TO CLOSE,SPRU,,,STOCK,1.56,1.56,LMT
8/8/2025 23:01,STOCK,BUY,500,TO CLOSE,SPRU,,,STOCK,1.5599,1.5599,LMT
8/8/2025 23:01,STOCK,BUY,190,TO CLOSE,SPRU,,,STOCK,1.5599,1.55989,LMT
8/8/2025 23:00,STOCK,SELL,-943,TO OPEN,SPRU,,,STOCK,1.5,1.5,LMT
8/8/2025 23:00,STOCK,SELL,-48,TO OPEN,SPRU,,,STOCK,1.5,1.5,LMT
8/8/2025 22:59,STOCK,SELL,-5,TO OPEN,SPRU,,,STOCK,1.51,1.51,LMT
8/8/2025 22:59,STOCK,SELL,-4,TO OPEN,SPRU,,,STOCK,1.51,1.51,LMT
8/8/2025 22:58,STOCK,SELL,-536,TO OPEN,SPRU,,,STOCK,1.53,1.53,LMT
8/8/2025 22:58,STOCK,SELL,-100,TO OPEN,SPRU,,,STOCK,1.53,1.53,LMT
8/8/2025 22:58,STOCK,SELL,-200,TO OPEN,SPRU,,,STOCK,1.53,1.53,LMT
8/8/2025 22:58,STOCK,SELL,-64,TO OPEN,SPRU,,,STOCK,1.53,1.53,LMT
8/8/2025 22:58,STOCK,SELL,-100,TO OPEN,SPRU,,,STOCK,1.53,1.53,LMT
8/8/2025 22:57,STOCK,BUY,131,TO CLOSE,SPRU,,,STOCK,1.52,1.52,LMT
8/8/2025 22:57,STOCK,BUY,1271,TO CLOSE,SPRU,,,STOCK,1.52,1.52,LMT
8/8/2025 22:57,STOCK,BUY,235,TO CLOSE,SPRU,,,STOCK,1.52,1.52,LMT
8/8/2025 22:57,STOCK,BUY,69,TO CLOSE,SPRU,,,STOCK,1.52,1.52,LMT
8/8/2025 22:56,STOCK,BUY,284,TO CLOSE,SPRU,,,STOCK,1.52,1.52,LMT
8/8/2025 22:56,STOCK,BUY,10,TO CLOSE,SPRU,,,STOCK,1.52,1.52,LMT
8/8/2025 22:53,STOCK,SELL,-1000,TO OPEN,SPRU,,,STOCK,1.57,1.57,LMT
8/8/2025 22:50,STOCK,SELL,-1000,TO OPEN,SPRU,,,STOCK,1.55,1.55,LMT
8/8/2025 22:49,STOCK,SELL,-2000,TO CLOSE,SPRU,,,STOCK,1.5601,1.5601,LMT
8/8/2025 22:47,STOCK,BUY,1000,TO OPEN,SPRU,,,STOCK,1.7,1.7,LMT
8/8/2025 22:45,STOCK,BUY,1000,TO OPEN,SPRU,,,STOCK,1.71,1.71,LMT
8/8/2025 22:44,STOCK,SELL,-1000,TO CLOSE,SPRU,,,STOCK,1.6301,1.6301,LMT
8/8/2025 22:43,STOCK,BUY,1000,TO OPEN,SPRU,,,STOCK,1.64,1.64,LMT
8/8/2025 22:42,STOCK,SELL,-1000,TO CLOSE,SPRU,,,STOCK,1.6001,1.6001,LMT
8/8/2025 22:41,STOCK,BUY,222,TO OPEN,SPRU,,,STOCK,1.71,1.71,LMT
8/8/2025 22:41,STOCK,BUY,278,TO OPEN,SPRU,,,STOCK,1.71,1.71,LMT
8/8/2025 22:40,STOCK,BUY,500,TO OPEN,SPRU,,,STOCK,1.67,1.67,LMT
8/8/2025 5:03,STOCK,SELL,-490,TO CLOSE,ADBE,,,STOCK,336,336,LMT
8/8/2025 5:03,STOCK,SELL,-29,TO CLOSE,ADBE,,,STOCK,336,336,LMT
8/8/2025 5:03,STOCK,SELL,-36,TO CLOSE,ADBE,,,STOCK,336,336,LMT
8/8/2025 5:03,STOCK,SELL,-5,TO CLOSE,ADBE,,,STOCK,336,336,LMT
8/8/2025 5:03,STOCK,SELL,-34,TO CLOSE,ADBE,,,STOCK,336,336,LMT
8/8/2025 5:03,STOCK,SELL,-36,TO CLOSE,ADBE,,,STOCK,336,336,LMT
8/8/2025 5:03,STOCK,SELL,-70,TO CLOSE,ADBE,,,STOCK,336,336,LMT
8/8/2025 3:20,STOCK,BUY,5,TO OPEN,ADBE,,,STOCK,333.88,333.88,LMT
8/8/2025 3:20,STOCK,BUY,195,TO OPEN,ADBE,,,STOCK,333.88,333.88,LMT
8/8/2025 3:10,STOCK,BUY,481,TO OPEN,ADBE,,,STOCK,335.25,335.25,LMT
8/8/2025 3:10,STOCK,BUY,1,TO OPEN,ADBE,,,STOCK,335.25,335.25,LMT
8/8/2025 3:10,STOCK,BUY,18,TO OPEN,ADBE,,,STOCK,335.25,335.25,LMT
8/8/2025 2:51,STOCK,BUY,2000,TO CLOSE,BTAI,,,STOCK,3.37,3.37,LMT
8/8/2025 2:48,STOCK,BUY,1741,TO CLOSE,BTAI,,,STOCK,3.37,3.37,LMT
8/8/2025 2:48,STOCK,BUY,259,TO CLOSE,BTAI,,,STOCK,3.37,3.37,LMT
8/8/2025 2:29,STOCK,SELL,-200,TO OPEN,BTAI,,,STOCK,3.66,3.66,LMT
8/8/2025 2:01,STOCK,SELL,-200,TO OPEN,BTAI,,,STOCK,3.68,3.68,LMT
8/8/2025 1:51,STOCK,SELL,-200,TO OPEN,BTAI,,,STOCK,3.62,3.62,LMT
8/8/2025 1:28,STOCK,SELL,-200,TO OPEN,BTAI,,,STOCK,3.6,3.6,LMT
8/8/2025 1:20,STOCK,SELL,-200,TO OPEN,BTAI,,,STOCK,3.58,3.58,LMT
8/8/2025 1:09,STOCK,SELL,-500,TO OPEN,BTAI,,,STOCK,3.52,3.52,LMT
8/8/2025 0:48,STOCK,SELL,-1000,TO CLOSE,BRLT,,,STOCK,2.3,2.3,LMT
8/8/2025 0:47,STOCK,BUY,33,TO OPEN,BRLT,,,STOCK,2.35,2.35,LMT
8/8/2025 0:47,STOCK,BUY,967,TO OPEN,BRLT,,,STOCK,2.35,2.35,LMT
8/7/2025 23:44,STOCK,SELL,-500,TO OPEN,BTAI,,,STOCK,3.6,3.6,LMT
8/7/2025 23:42,STOCK,SELL,-529,TO OPEN,BTAI,,,STOCK,3.57,3.57,LMT
8/7/2025 23:42,STOCK,SELL,-471,TO OPEN,BTAI,,,STOCK,3.57,3.57,LMT
8/7/2025 23:38,STOCK,SELL,-600,TO OPEN,BTAI,,,STOCK,3.26,3.26,LMT
8/7/2025 23:38,STOCK,SELL,-100,TO OPEN,BTAI,,,STOCK,3.26,3.26,LMT
8/7/2025 23:38,STOCK,SELL,-300,TO OPEN,BTAI,,,STOCK,3.26,3.26,LMT
8/7/2025 23:31,STOCK,SELL,-600,TO CLOSE,PALI,,,STOCK,1.64,1.64,LMT
8/7/2025 23:31,STOCK,SELL,-200,TO CLOSE,PALI,,,STOCK,1.64,1.64,LMT
8/7/2025 23:31,STOCK,SELL,-200,TO CLOSE,PALI,,,STOCK,1.64,1.64,LMT
8/7/2025 23:30,STOCK,BUY,900,TO OPEN,PALI,,,STOCK,1.4999,1.4999,LMT
8/7/2025 23:30,STOCK,BUY,100,TO OPEN,PALI,,,STOCK,1.4999,1.4999,LMT
8/7/2025 23:07,STOCK,SELL,-1000,TO CLOSE,YHC,,,STOCK,2.04,2.04,LMT
8/7/2025 23:05,STOCK,BUY,800,TO OPEN,YHC,,,STOCK,2.06,2.06,LMT
8/7/2025 23:05,STOCK,BUY,200,TO OPEN,YHC,,,STOCK,2.06,2.06,LMT
8/7/2025 23:02,STOCK,SELL,-293,TO CLOSE,YHC,,,STOCK,2.05,2.05,LMT
8/7/2025 23:02,STOCK,SELL,-295,TO CLOSE,YHC,,,STOCK,2.05,2.05,LMT
8/7/2025 23:02,STOCK,SELL,-100,TO CLOSE,YHC,,,STOCK,2.05,2.05,LMT
8/7/2025 23:02,STOCK,SELL,-312,TO CLOSE,YHC,,,STOCK,2.05,2.05,LMT
8/7/2025 23:02,STOCK,SELL,-188,TO CLOSE,YHC,,,STOCK,2.05,2.05,LMT
8/7/2025 23:02,STOCK,SELL,-500,TO CLOSE,YHC,,,STOCK,2.05,2.05,LMT
8/7/2025 23:02,STOCK,SELL,-1,TO CLOSE,YHC,,,STOCK,2.05,2.05,LMT
8/7/2025 23:02,STOCK,SELL,-100,TO CLOSE,YHC,,,STOCK,2.05,2.05,LMT
8/7/2025 23:02,STOCK,SELL,-11,TO CLOSE,YHC,,,STOCK,2.05,2.05,LMT
8/7/2025 23:02,STOCK,SELL,-100,TO CLOSE,YHC,,,STOCK,2.05,2.05,LMT
8/7/2025 23:02,STOCK,SELL,-100,TO CLOSE,YHC,,,STOCK,2.05,2.05,LMT
8/7/2025 23:01,STOCK,BUY,2000,TO OPEN,YHC,,,STOCK,2.07,2.07,LMT
8/7/2025 23:00,STOCK,SELL,-64,TO CLOSE,YHC,,,STOCK,2.06,2.06,LMT
8/7/2025 23:00,STOCK,SELL,-241,TO CLOSE,YHC,,,STOCK,2.06,2.06,LMT
8/7/2025 23:00,STOCK,SELL,-3,TO CLOSE,YHC,,,STOCK,2.06,2.06,LMT
8/7/2025 23:00,STOCK,SELL,-54,TO CLOSE,YHC,,,STOCK,2.06,2.06,LMT
8/7/2025 23:00,STOCK,SELL,-1086,TO CLOSE,YHC,,,STOCK,2.06,2.06,LMT
8/7/2025 23:00,STOCK,SELL,-225,TO CLOSE,YHC,,,STOCK,2.06,2.06,LMT
8/7/2025 23:00,STOCK,SELL,-10,TO CLOSE,YHC,,,STOCK,2.06,2.06,LMT
8/7/2025 23:00,STOCK,SELL,-100,TO CLOSE,YHC,,,STOCK,2.06,2.06,LMT
8/7/2025 23:00,STOCK,SELL,-12,TO CLOSE,YHC,,,STOCK,2.06,2.06,LMT
8/7/2025 23:00,STOCK,SELL,-200,TO CLOSE,YHC,,,STOCK,2.06,2.06,LMT
8/7/2025 23:00,STOCK,SELL,-2,TO CLOSE,YHC,,,STOCK,2.06,2.06,LMT
8/7/2025 23:00,STOCK,SELL,-3,TO CLOSE,YHC,,,STOCK,2.06,2.06,LMT
8/7/2025 23:00,STOCK,BUY,1709,TO OPEN,YHC,,,STOCK,2.09,2.09,LMT
8/7/2025 23:00,STOCK,BUY,291,TO OPEN,YHC,,,STOCK,2.09,2.09,LMT
8/7/2025 22:59,STOCK,SELL,-789,TO CLOSE,YHC,,,STOCK,2.1,2.1,LMT
8/7/2025 22:59,STOCK,SELL,-211,TO CLOSE,YHC,,,STOCK,2.1,2.1,LMT
8/7/2025 22:59,STOCK,BUY,565,TO OPEN,YHC,,,STOCK,2.09,2.09,LMT
8/7/2025 22:59,STOCK,BUY,435,TO OPEN,YHC,,,STOCK,2.09,2.09,LMT
8/7/2025 22:47,STOCK,SELL,-400,TO CLOSE,YHC,,,STOCK,1.911,1.911,LMT
8/7/2025 22:47,STOCK,SELL,-1400,TO CLOSE,YHC,,,STOCK,1.9101,1.9101,LMT
8/7/2025 22:47,STOCK,SELL,-200,TO CLOSE,YHC,,,STOCK,1.9101,1.9101,LMT
8/7/2025 22:46,STOCK,BUY,100,TO OPEN,YHC,,,STOCK,1.9099,1.9099,LMT
8/7/2025 22:46,STOCK,BUY,200,TO OPEN,YHC,,,STOCK,1.9099,1.9099,LMT
8/7/2025 22:46,STOCK,BUY,600,TO OPEN,YHC,,,STOCK,1.9099,1.9099,LMT
8/7/2025 22:46,STOCK,BUY,100,TO OPEN,YHC,,,STOCK,1.9099,1.9099,LMT
8/7/2025 22:46,STOCK,BUY,300,TO OPEN,YHC,,,STOCK,1.82,1.82,LMT
8/7/2025 22:46,STOCK,BUY,200,TO OPEN,YHC,,,STOCK,1.82,1.82,LMT
8/7/2025 22:45,STOCK,BUY,500,TO OPEN,YHC,,,STOCK,1.83,1.83,LMT
8/7/2025 22:41,STOCK,SELL,-100,TO CLOSE,YHC,,,STOCK,1.7501,1.7501,LMT
8/7/2025 22:41,STOCK,SELL,-100,TO CLOSE,YHC,,,STOCK,1.7501,1.7501,LMT
8/7/2025 22:41,STOCK,SELL,-500,TO CLOSE,YHC,,,STOCK,1.7501,1.7501,LMT
8/7/2025 22:41,STOCK,SELL,-300,TO CLOSE,YHC,,,STOCK,1.7501,1.7501,LMT
8/7/2025 22:39,STOCK,BUY,1000,TO OPEN,YHC,,,STOCK,1.83,1.83,LMT
8/7/2025 22:39,STOCK,SELL,-752,TO CLOSE,YHC,,,STOCK,1.8,1.8,LMT
8/7/2025 22:39,STOCK,SELL,-248,TO CLOSE,YHC,,,STOCK,1.8,1.8,LMT
8/7/2025 22:36,STOCK,BUY,470,TO OPEN,YHC,,,STOCK,1.82,1.82,LMT
8/7/2025 22:36,STOCK,BUY,30,TO OPEN,YHC,,,STOCK,1.82,1.82,LMT
8/7/2025 22:36,STOCK,BUY,485,TO OPEN,YHC,,,STOCK,1.84,1.84,LMT
8/7/2025 22:36,STOCK,BUY,15,TO OPEN,YHC,,,STOCK,1.84,1.84,LMT
8/7/2025 22:36,STOCK,SELL,-479,TO CLOSE,YHC,,,STOCK,1.78,1.78,LMT
8/7/2025 22:36,STOCK,SELL,-10,TO CLOSE,YHC,,,STOCK,1.78,1.78,LMT
8/7/2025 22:36,STOCK,SELL,-11,TO CLOSE,YHC,,,STOCK,1.78,1.78,LMT
8/7/2025 22:35,STOCK,BUY,500,TO OPEN,YHC,,,STOCK,1.8,1.8,LMT
8/7/2025 22:12,STOCK,SELL,-241,TO CLOSE,YHC,,,STOCK,1.74,1.74,LMT
8/7/2025 22:12,STOCK,SELL,-200,TO CLOSE,YHC,,,STOCK,1.74,1.74,LMT
8/7/2025 22:12,STOCK,SELL,-200,TO CLOSE,YHC,,,STOCK,1.74,1.74,LMT
8/7/2025 22:12,STOCK,SELL,-55,TO CLOSE,YHC,,,STOCK,1.74,1.74,LMT
8/7/2025 22:12,STOCK,SELL,-200,TO CLOSE,YHC,,,STOCK,1.74,1.74,LMT
8/7/2025 22:12,STOCK,SELL,-74,TO CLOSE,YHC,,,STOCK,1.74,1.74,LMT
8/7/2025 22:12,STOCK,SELL,-30,TO CLOSE,YHC,,,STOCK,1.74,1.74,LMT
8/7/2025 22:11,STOCK,BUY,300,TO OPEN,YHC,,,STOCK,1.6899,1.6899,LMT
8/7/2025 22:11,STOCK,BUY,200,TO OPEN,YHC,,,STOCK,1.6899,1.6899,LMT
8/7/2025 22:11,STOCK,BUY,296,TO OPEN,YHC,,,STOCK,1.64,1.64,LMT
8/7/2025 22:11,STOCK,BUY,204,TO OPEN,YHC,,,STOCK,1.64,1.64,LMT
8/7/2025 22:07,STOCK,SELL,-1000,TO CLOSE,YHC,,,STOCK,1.61,1.61,LMT
8/7/2025 22:07,STOCK,BUY,500,TO OPEN,YHC,,,STOCK,1.629,1.629,LMT
8/7/2025 22:06,STOCK,BUY,74,TO OPEN,YHC,,,STOCK,1.68,1.68,LMT
8/7/2025 22:06,STOCK,BUY,426,TO OPEN,YHC,,,STOCK,1.68,1.68,LMT
8/7/2025 22:05,STOCK,SELL,-100,TO CLOSE,YHC,,,STOCK,1.6201,1.6201,LMT
8/7/2025 22:05,STOCK,SELL,-200,TO CLOSE,YHC,,,STOCK,1.6201,1.6201,LMT
8/7/2025 22:05,STOCK,SELL,-700,TO CLOSE,YHC,,,STOCK,1.6201,1.6201,LMT
8/7/2025 22:04,STOCK,BUY,300,TO OPEN,YHC,,,STOCK,1.64,1.64,LMT
8/7/2025 22:04,STOCK,BUY,100,TO OPEN,YHC,,,STOCK,1.639,1.639,LMT
8/7/2025 22:04,STOCK,BUY,100,TO OPEN,YHC,,,STOCK,1.63,1.63,LMT
8/7/2025 22:04,STOCK,BUY,500,TO OPEN,YHC,,,STOCK,1.5599,1.5599,LMT
8/7/2025 22:03,STOCK,SELL,-182,TO CLOSE,YHC,,,STOCK,1.65,1.65,LMT
8/7/2025 22:03,STOCK,SELL,-118,TO CLOSE,YHC,,,STOCK,1.65,1.65,LMT
8/7/2025 22:03,STOCK,SELL,-100,TO CLOSE,YHC,,,STOCK,1.65,1.65,LMT
8/7/2025 22:03,STOCK,SELL,-500,TO CLOSE,YHC,,,STOCK,1.65,1.65,LMT
8/7/2025 22:03,STOCK,SELL,-100,TO CLOSE,YHC,,,STOCK,1.65,1.65,LMT
8/7/2025 22:02,STOCK,BUY,195,TO OPEN,YHC,,,STOCK,1.58,1.58,LMT
8/7/2025 22:02,STOCK,BUY,65,TO OPEN,YHC,,,STOCK,1.58,1.58,LMT
8/7/2025 22:02,STOCK,BUY,240,TO OPEN,YHC,,,STOCK,1.575,1.575,LMT
8/7/2025 22:01,STOCK,BUY,500,TO OPEN,YHC,,,STOCK,1.49,1.49,LMT
8/7/2025 21:50,STOCK,SELL,-524,TO CLOSE,CMCT,,,STOCK,9.78,9.78,LMT
8/7/2025 21:50,STOCK,SELL,-30,TO CLOSE,CMCT,,,STOCK,9.78,9.78,LMT
8/7/2025 21:50,STOCK,SELL,-46,TO CLOSE,CMCT,,,STOCK,9.78,9.78,LMT
8/7/2025 21:50,STOCK,SELL,-300,TO CLOSE,CMCT,,,STOCK,9.78,9.78,LMT
8/7/2025 21:49,STOCK,BUY,200,TO OPEN,CMCT,,,STOCK,9.8,9.8,LMT
8/7/2025 21:47,STOCK,BUY,50,TO OPEN,CMCT,,,STOCK,9.84,9.84,LMT
8/7/2025 21:47,STOCK,BUY,150,TO OPEN,CMCT,,,STOCK,9.83,9.83,LMT
8/7/2025 21:46,STOCK,BUY,500,TO OPEN,CMCT,,,STOCK,9.99,9.99,LMT
8/7/2025 5:59,STOCK,BUY,1476,TO CLOSE,BTAI,,,STOCK,3.2992,3.2992,LMT
8/7/2025 5:57,STOCK,BUY,164,TO CLOSE,BTAI,,,STOCK,3.26,3.26,LMT
8/7/2025 5:57,STOCK,BUY,100,TO CLOSE,BTAI,,,STOCK,3.2599,3.2599,LMT
8/7/2025 5:57,STOCK,BUY,60,TO CLOSE,BTAI,,,STOCK,3.2599,3.25983,LMT
8/7/2025 5:57,STOCK,BUY,100,TO CLOSE,BTAI,,,STOCK,3.2599,3.2599,LMT
8/7/2025 5:57,STOCK,BUY,100,TO CLOSE,BTAI,,,STOCK,3.255,3.255,LMT
8/7/2025 5:57,STOCK,BUY,2000,TO CLOSE,BTAI,,,STOCK,3.255,3.255,LMT
8/7/2025 0:04,STOCK,SELL,-500,TO OPEN,BTAI,,,STOCK,3.5307,3.5307,LMT
8/7/2025 0:03,STOCK,BUY,3500,TO CLOSE,BTAI,,,STOCK,3.38,3.38,LMT
8/7/2025 0:02,STOCK,SELL,-1010,TO OPEN,BTAI,,,STOCK,3.41,3.41,LMT
8/7/2025 0:02,STOCK,SELL,-72,TO OPEN,BTAI,,,STOCK,3.41,3.41,LMT
8/7/2025 0:02,STOCK,SELL,-10,TO OPEN,BTAI,,,STOCK,3.41,3.41,LMT
8/7/2025 0:02,STOCK,SELL,-839,TO OPEN,BTAI,,,STOCK,3.41,3.41,LMT
8/7/2025 0:02,STOCK,SELL,-1569,TO OPEN,BTAI,,,STOCK,3.41,3.41,LMT
8/6/2025 23:52,STOCK,SELL,-500,TO OPEN,BTAI,,,STOCK,3.31,3.31,LMT
8/6/2025 23:44,STOCK,SELL,-100,TO OPEN,BTAI,,,STOCK,3.35,3.35,LMT
8/6/2025 23:43,STOCK,SELL,-200,TO OPEN,BTAI,,,STOCK,3.28,3.28,LMT
8/6/2025 23:40,STOCK,SELL,-200,TO OPEN,BTAI,,,STOCK,3.31,3.31,LMT
8/6/2025 23:39,STOCK,SELL,-100,TO OPEN,BTAI,,,STOCK,3.37,3.37,LMT
8/6/2025 23:38,STOCK,SELL,-500,TO OPEN,BTAI,,,STOCK,3.39,3.39,LMT
8/6/2025 23:37,STOCK,SELL,-200,TO OPEN,BTAI,,,STOCK,3.17,3.17,LMT
8/6/2025 23:36,STOCK,SELL,-200,TO OPEN,BTAI,,,STOCK,3.1,3.1,LMT
8/6/2025 23:32,STOCK,SELL,-500,TO OPEN,BTAI,,,STOCK,3.1,3.1,LMT
8/6/2025 23:32,STOCK,SELL,-500,TO OPEN,BTAI,,,STOCK,2.9809,2.9809,LMT
8/6/2025 23:30,STOCK,SELL,-500,TO OPEN,BTAI,,,STOCK,3.1208,3.1208,LMT
8/6/2025 23:08,STOCK,SELL,-300,TO CLOSE,AIMD,,,STOCK,3.1201,3.1201,LMT
8/6/2025 23:08,STOCK,SELL,-100,TO CLOSE,AIMD,,,STOCK,3.1201,3.1201,LMT
8/6/2025 23:08,STOCK,SELL,-90,TO CLOSE,AIMD,,,STOCK,3.1201,3.12011,LMT
8/6/2025 23:08,STOCK,SELL,-100,TO CLOSE,AIMD,,,STOCK,3.1201,3.1201,LMT
8/6/2025 23:08,STOCK,SELL,-100,TO CLOSE,AIMD,,,STOCK,3.1201,3.1201,LMT
8/6/2025 23:08,STOCK,SELL,-110,TO CLOSE,AIMD,,,STOCK,3.1201,3.12009,LMT
8/6/2025 23:08,STOCK,SELL,-100,TO CLOSE,AIMD,,,STOCK,3.1201,3.1201,LMT
8/6/2025 23:08,STOCK,SELL,-100,TO CLOSE,AIMD,,,STOCK,3.1201,3.1201,LMT
8/6/2025 23:07,STOCK,BUY,100,TO OPEN,AIMD,,,STOCK,3.01,3.01,LMT
8/6/2025 23:07,STOCK,BUY,93,TO OPEN,AIMD,,,STOCK,3.01,3.01,LMT
8/6/2025 23:07,STOCK,BUY,100,TO OPEN,AIMD,,,STOCK,3.01,3.01,LMT
8/6/2025 23:07,STOCK,BUY,107,TO OPEN,AIMD,,,STOCK,3.01,3.01,LMT
8/6/2025 23:07,STOCK,BUY,100,TO OPEN,AIMD,,,STOCK,3.01,3.01,LMT
8/6/2025 23:07,STOCK,BUY,500,TO OPEN,AIMD,,,STOCK,2.97,2.97,LMT
8/6/2025 22:50,STOCK,SELL,-400,TO CLOSE,IPDN,,,STOCK,2.3301,2.3301,LMT
8/6/2025 22:50,STOCK,SELL,-100,TO CLOSE,IPDN,,,STOCK,2.3301,2.3301,LMT
8/6/2025 22:50,STOCK,SELL,-200,TO CLOSE,IPDN,,,STOCK,2.33,2.33,LMT
8/6/2025 22:50,STOCK,SELL,-295,TO CLOSE,IPDN,,,STOCK,2.33,2.33,LMT
8/6/2025 22:50,STOCK,SELL,-5,TO CLOSE,IPDN,,,STOCK,2.33,2.33,LMT
8/6/2025 22:48,STOCK,BUY,1000,TO OPEN,IPDN,,,STOCK,2.4199,2.4199,LMT
8/6/2025 22:46,STOCK,SELL,-2000,TO CLOSE,IPDN,,,STOCK,2.29,2.29,LMT
8/6/2025 22:44,STOCK,BUY,500,TO OPEN,IPDN,,,STOCK,2.36,2.36,LMT
8/6/2025 22:42,STOCK,BUY,98,TO OPEN,IPDN,,,STOCK,2.44,2.44,LMT
8/6/2025 22:42,STOCK,BUY,2,TO OPEN,IPDN,,,STOCK,2.44,2.44,LMT
8/6/2025 22:42,STOCK,BUY,200,TO OPEN,IPDN,,,STOCK,2.45,2.45,LMT
8/6/2025 22:40,STOCK,BUY,17,TO OPEN,IPDN,,,STOCK,2.46,2.46,LMT
8/6/2025 22:40,STOCK,BUY,7,TO OPEN,IPDN,,,STOCK,2.46,2.46,LMT
8/6/2025 22:40,STOCK,BUY,50,TO OPEN,IPDN,,,STOCK,2.46,2.46,LMT
8/6/2025 22:40,STOCK,BUY,1,TO OPEN,IPDN,,,STOCK,2.46,2.46,LMT
8/6/2025 22:40,STOCK,BUY,25,TO OPEN,IPDN,,,STOCK,2.46,2.46,LMT
8/6/2025 22:40,STOCK,BUY,100,TO OPEN,IPDN,,,STOCK,2.46,2.46,LMT
8/6/2025 22:39,STOCK,BUY,46,TO OPEN,IPDN,,,STOCK,2.53,2.53,LMT
8/6/2025 22:39,STOCK,BUY,54,TO OPEN,IPDN,,,STOCK,2.53,2.53,LMT
8/6/2025 22:39,STOCK,BUY,200,TO OPEN,IPDN,,,STOCK,2.51,2.51,LMT
8/6/2025 22:38,STOCK,BUY,200,TO OPEN,IPDN,,,STOCK,2.58,2.58,LMT
8/6/2025 22:37,STOCK,BUY,500,TO OPEN,IPDN,,,STOCK,2.6099,2.6099,LMT
8/6/2025 22:28,STOCK,SELL,-1000,TO CLOSE,IPDN,,,STOCK,2.53,2.53,LMT
8/6/2025 22:26,STOCK,BUY,500,TO OPEN,IPDN,,,STOCK,2.3899,2.3899,LMT
8/6/2025 22:25,STOCK,BUY,500,TO OPEN,IPDN,,,STOCK,2.38,2.38,LMT
8/6/2025 22:25,STOCK,SELL,-5,TO CLOSE,IPDN,,,STOCK,2.45,2.45,LMT
8/6/2025 22:25,STOCK,SELL,-37,TO CLOSE,IPDN,,,STOCK,2.45,2.45,LMT
8/6/2025 22:25,STOCK,SELL,-230,TO CLOSE,IPDN,,,STOCK,2.45,2.45,LMT
8/6/2025 22:25,STOCK,SELL,-100,TO CLOSE,IPDN,,,STOCK,2.4501,2.4501,LMT
8/6/2025 22:25,STOCK,SELL,-1,TO CLOSE,IPDN,,,STOCK,2.4501,2.45,LMT
8/6/2025 22:25,STOCK,SELL,-32,TO CLOSE,IPDN,,,STOCK,2.4501,2.45,LMT
8/6/2025 22:25,STOCK,SELL,-32,TO CLOSE,IPDN,,,STOCK,2.4501,2.45,LMT
8/6/2025 22:25,STOCK,SELL,-63,TO CLOSE,IPDN,,,STOCK,2.4501,2.45016,LMT
8/6/2025 22:24,STOCK,BUY,459,TO OPEN,IPDN,,,STOCK,2.3199,2.31989,LMT
8/6/2025 22:24,STOCK,BUY,40,TO OPEN,IPDN,,,STOCK,2.13,2.13,LMT
8/6/2025 22:24,STOCK,BUY,1,TO OPEN,IPDN,,,STOCK,2.13,2.13,LMT
8/6/2025 22:20,STOCK,SELL,-1040,TO CLOSE,AIMD,,,STOCK,2.93,2.93,LMT
8/6/2025 22:20,STOCK,SELL,-5,TO CLOSE,AIMD,,,STOCK,2.93,2.93,LMT
8/6/2025 22:20,STOCK,SELL,-7,TO CLOSE,AIMD,,,STOCK,2.93,2.93,LMT
8/6/2025 22:20,STOCK,SELL,-90,TO CLOSE,AIMD,,,STOCK,2.93,2.93,LMT
8/6/2025 22:19,STOCK,SELL,-9,TO CLOSE,AIMD,,,STOCK,2.93,2.93,LMT
8/6/2025 22:19,STOCK,SELL,-149,TO CLOSE,AIMD,,,STOCK,2.93,2.93,LMT
8/6/2025 22:18,STOCK,BUY,300,TO OPEN,AIMD,,,STOCK,2.75,2.75,LMT
8/6/2025 22:17,STOCK,BUY,311,TO OPEN,AIMD,,,STOCK,2.84,2.84,LMT
8/6/2025 22:17,STOCK,BUY,114,TO OPEN,AIMD,,,STOCK,2.84,2.84,LMT
8/6/2025 22:17,STOCK,BUY,100,TO OPEN,AIMD,,,STOCK,2.84,2.84,LMT
8/6/2025 22:17,STOCK,BUY,100,TO OPEN,AIMD,,,STOCK,2.84,2.84,LMT
8/6/2025 22:17,STOCK,BUY,165,TO OPEN,AIMD,,,STOCK,2.84,2.84,LMT
8/6/2025 22:17,STOCK,BUY,65,TO OPEN,AIMD,,,STOCK,2.84,2.84,LMT
8/6/2025 22:17,STOCK,BUY,98,TO OPEN,AIMD,,,STOCK,2.84,2.84,LMT
8/6/2025 22:17,STOCK,BUY,47,TO OPEN,AIMD,,,STOCK,2.84,2.84,LMT
8/6/2025 22:13,STOCK,SELL,-242,TO CLOSE,AIMD,,,STOCK,2.62,2.62,LMT
8/6/2025 22:13,STOCK,SELL,-758,TO CLOSE,AIMD,,,STOCK,2.62,2.62,LMT
8/6/2025 22:11,STOCK,BUY,100,TO OPEN,AIMD,,,STOCK,2.66,2.66,LMT
8/6/2025 22:11,STOCK,BUY,200,TO OPEN,AIMD,,,STOCK,2.63,2.63,LMT
8/6/2025 22:10,STOCK,SELL,-200,TO CLOSE,AIMD,,,STOCK,2.58,2.58,LMT
8/6/2025 22:10,STOCK,BUY,126,TO OPEN,AIMD,,,STOCK,2.655,2.655,LMT
8/6/2025 22:10,STOCK,BUY,74,TO OPEN,AIMD,,,STOCK,2.655,2.655,LMT
8/6/2025 22:09,STOCK,BUY,200,TO OPEN,AIMD,,,STOCK,2.76,2.76,LMT
8/6/2025 22:09,STOCK,BUY,146,TO OPEN,AIMD,,,STOCK,2.84,2.84,LMT
8/6/2025 22:09,STOCK,BUY,150,TO OPEN,AIMD,,,STOCK,2.84,2.84,LMT
8/6/2025 22:09,STOCK,BUY,104,TO OPEN,AIMD,,,STOCK,2.84,2.84,LMT
8/6/2025 22:09,STOCK,BUY,100,TO OPEN,AIMD,,,STOCK,2.84,2.84,LMT
8/6/2025 22:07,STOCK,SELL,-900,TO CLOSE,AIMD,,,STOCK,2.9,2.9,LMT
8/6/2025 22:06,STOCK,BUY,185,TO OPEN,AIMD,,,STOCK,2.7,2.7,LMT
8/6/2025 22:06,STOCK,BUY,15,TO OPEN,AIMD,,,STOCK,2.7,2.7,LMT
8/6/2025 22:03,STOCK,BUY,50,TO OPEN,AIMD,,,STOCK,2.64,2.64,LMT
8/6/2025 22:03,STOCK,BUY,50,TO OPEN,AIMD,,,STOCK,2.64,2.64,LMT
8/6/2025 22:03,STOCK,BUY,100,TO OPEN,AIMD,,,STOCK,2.64,2.64,LMT
8/6/2025 22:03,STOCK,BUY,500,TO OPEN,AIMD,,,STOCK,2.78,2.78,LMT
8/6/2025 22:01,STOCK,SELL,-500,TO CLOSE,GV,,,STOCK,2.37,2.37,LMT
8/6/2025 21:58,STOCK,BUY,100,TO OPEN,GV,,,STOCK,2.56,2.56,LMT
8/6/2025 21:58,STOCK,BUY,100,TO OPEN,GV,,,STOCK,2.56,2.56,LMT
8/6/2025 21:57,STOCK,BUY,49,TO OPEN,GV,,,STOCK,2.66,2.66,LMT
8/6/2025 21:57,STOCK,BUY,251,TO OPEN,GV,,,STOCK,2.66,2.66,LMT
8/6/2025 3:05,STOCK,BUY,2200,TO CLOSE,COMM,,,STOCK,14.63,14.63,LMT
8/6/2025 2:37,STOCK,SELL,-200,TO OPEN,COMM,,,STOCK,14.9,14.9,LMT
8/6/2025 2:09,STOCK,SELL,-200,TO OPEN,COMM,,,STOCK,14.86,14.86,LMT
8/6/2025 2:07,STOCK,SELL,-300,TO OPEN,COMM,,,STOCK,14.88,14.88,LMT
8/6/2025 1:58,STOCK,SELL,-100,TO OPEN,COMM,,,STOCK,14.74,14.74,LMT
8/6/2025 1:32,STOCK,SELL,-200,TO OPEN,COMM,,,STOCK,14.825,14.825,LMT
8/6/2025 1:30,STOCK,SELL,-200,TO OPEN,COMM,,,STOCK,14.8,14.8,LMT
8/6/2025 1:07,STOCK,SELL,-300,TO OPEN,COMM,,,STOCK,14.73,14.73,LMT
8/6/2025 1:06,STOCK,BUY,1000,TO CLOSE,LOBO,,,STOCK,0.8074,0.8074,LMT
8/6/2025 1:06,STOCK,BUY,500,TO CLOSE,LOBO,,,STOCK,0.8073,0.8073,LMT
8/6/2025 0:53,STOCK,SELL,-200,TO OPEN,COMM,,,STOCK,14.73,14.73,LMT
8/6/2025 0:49,STOCK,SELL,-200,TO OPEN,COMM,,,STOCK,14.6,14.6,LMT
8/6/2025 0:44,STOCK,SELL,-300,TO OPEN,COMM,,,STOCK,14.47,14.47,LMT
8/6/2025 0:24,STOCK,SELL,-200,TO CLOSE,CWD,,,STOCK,6.54,6.54,LMT
8/6/2025 0:23,STOCK,BUY,200,TO OPEN,CWD,,,STOCK,6.4,6.4,LMT
8/6/2025 0:18,STOCK,SELL,-200,TO CLOSE,CWD,,,STOCK,5.74,5.74,LMT
8/6/2025 0:17,STOCK,BUY,123,TO OPEN,CWD,,,STOCK,5.53,5.53,LMT
8/6/2025 0:17,STOCK,BUY,77,TO OPEN,CWD,,,STOCK,5.53,5.53,LMT
8/6/2025 0:08,STOCK,SELL,-200,TO CLOSE,CWD,,,STOCK,4.9479,4.9479,LMT
8/6/2025 0:08,STOCK,BUY,200,TO OPEN,CWD,,,STOCK,4.68,4.68,LMT
8/6/2025 0:07,STOCK,SELL,-200,TO CLOSE,CWD,,,STOCK,4.2536,4.2536,MKT
8/6/2025 0:07,STOCK,BUY,200,TO OPEN,CWD,,,STOCK,4.465,4.465,LMT
8/6/2025 0:01,STOCK,SELL,-500,TO OPEN,LOBO,,,STOCK,0.94,0.94,LMT
8/5/2025 23:57,STOCK,SELL,-300,TO OPEN,LOBO,,,STOCK,0.9262,0.9262,LMT
8/5/2025 23:50,STOCK,SELL,-471,TO OPEN,LOBO,,,STOCK,0.9718,0.9718,LMT
8/5/2025 23:50,STOCK,SELL,-29,TO OPEN,LOBO,,,STOCK,0.9732,0.9731,LMT
8/5/2025 23:49,STOCK,SELL,-200,TO OPEN,LOBO,,,STOCK,0.9525,0.9525,LMT
8/5/2025 23:42,STOCK,SELL,-400,TO CLOSE,LOBO,,,STOCK,1.0202,1.0202,MKT
8/5/2025 23:42,STOCK,SELL,-100,TO CLOSE,LOBO,,,STOCK,1.0202,1.0202,MKT
8/5/2025 23:38,STOCK,BUY,22,TO OPEN,LOBO,,,STOCK,1.17,1.17,LMT
8/5/2025 23:38,STOCK,BUY,478,TO OPEN,LOBO,,,STOCK,1.17,1.17,LMT
8/5/2025 1:18,STOCK,BUY,1000,TO CLOSE,SNGX,,,STOCK,3.17,3.17,LMT
8/5/2025 1:18,STOCK,BUY,1000,TO CLOSE,SNGX,,,STOCK,3.18,3.18,LMT
8/5/2025 1:15,STOCK,BUY,465,TO CLOSE,SNGX,,,STOCK,3.19,3.19,LMT
8/5/2025 1:15,STOCK,BUY,15,TO CLOSE,SNGX,,,STOCK,3.19,3.19,LMT
8/5/2025 1:15,STOCK,BUY,150,TO CLOSE,SNGX,,,STOCK,3.19,3.19,LMT
8/5/2025 1:14,STOCK,BUY,300,TO CLOSE,SNGX,,,STOCK,3.19,3.19,LMT
8/5/2025 1:14,STOCK,BUY,70,TO CLOSE,SNGX,,,STOCK,3.19,3.19,LMT
8/5/2025 0:46,STOCK,SELL,-100,TO OPEN,SNGX,,,STOCK,3.29,3.29,LMT
8/5/2025 0:36,STOCK,SELL,-200,TO OPEN,SNGX,,,STOCK,3.28,3.28,LMT
8/5/2025 0:22,STOCK,SELL,-200,TO OPEN,SNGX,,,STOCK,3.34,3.34,LMT
8/5/2025 0:07,STOCK,SELL,-100,TO OPEN,SNGX,,,STOCK,3.75,3.75,LMT
8/5/2025 0:06,STOCK,SELL,-30,TO OPEN,SNGX,,,STOCK,3.8,3.8,LMT
8/5/2025 0:06,STOCK,SELL,-100,TO OPEN,SNGX,,,STOCK,3.8,3.8,LMT
8/5/2025 0:06,STOCK,SELL,-17,TO OPEN,SNGX,,,STOCK,3.8,3.8,LMT
8/5/2025 0:06,STOCK,SELL,-51,TO OPEN,SNGX,,,STOCK,3.8,3.8,LMT
8/5/2025 0:06,STOCK,SELL,-2,TO OPEN,SNGX,,,STOCK,3.8,3.8,LMT
8/5/2025 0:05,STOCK,SELL,-200,TO OPEN,SNGX,,,STOCK,3.72,3.72,LMT
8/5/2025 0:05,STOCK,SELL,-200,TO OPEN,SNGX,,,STOCK,3.7,3.7,LMT
8/5/2025 0:00,STOCK,SELL,-157,TO OPEN,SNGX,,,STOCK,3.57,3.57,LMT
8/5/2025 0:00,STOCK,SELL,-43,TO OPEN,SNGX,,,STOCK,3.57,3.57,LMT
8/4/2025 23:58,STOCK,SELL,-1000,TO CLOSE,BTBD,,,STOCK,4.7903,4.7903,LMT
8/4/2025 23:57,STOCK,BUY,500,TO OPEN,BTBD,,,STOCK,4.52,4.52,LMT
8/4/2025 23:57,STOCK,BUY,20,TO OPEN,BTBD,,,STOCK,4.66,4.66,LMT
8/4/2025 23:57,STOCK,BUY,100,TO OPEN,BTBD,,,STOCK,4.66,4.66,LMT
8/4/2025 23:57,STOCK,BUY,80,TO OPEN,BTBD,,,STOCK,4.6497,4.64975,LMT
8/4/2025 23:57,STOCK,BUY,200,TO OPEN,BTBD,,,STOCK,4.6497,4.6497,LMT
8/4/2025 23:57,STOCK,BUY,100,TO OPEN,BTBD,,,STOCK,4.6497,4.6497,LMT
8/4/2025 23:56,STOCK,SELL,-500,TO CLOSE,BTBD,,,STOCK,4.28,4.28,LMT
8/4/2025 23:54,STOCK,BUY,385,TO OPEN,BTBD,,,STOCK,4.12,4.12,LMT
8/4/2025 23:54,STOCK,BUY,115,TO OPEN,BTBD,,,STOCK,4.12,4.12,LMT
8/4/2025 23:52,STOCK,SELL,-494,TO CLOSE,BTBD,,,STOCK,3.82,3.82,MKT
8/4/2025 23:52,STOCK,SELL,-6,TO CLOSE,BTBD,,,STOCK,3.8201,3.82,MKT
8/4/2025 23:51,STOCK,BUY,188,TO OPEN,BTBD,,,STOCK,4.4,4.4,LMT
8/4/2025 23:51,STOCK,BUY,10,TO OPEN,BTBD,,,STOCK,4.4,4.4,LMT
8/4/2025 23:51,STOCK,BUY,1,TO OPEN,BTBD,,,STOCK,4.4,4.4,LMT
8/4/2025 23:51,STOCK,BUY,1,TO OPEN,BTBD,,,STOCK,4.4,4.4,LMT
8/4/2025 23:51,STOCK,BUY,100,TO OPEN,BTBD,,,STOCK,4.44,4.44,LMT
8/4/2025 23:51,STOCK,BUY,100,TO OPEN,BTBD,,,STOCK,4.44,4.44,LMT
8/4/2025 23:51,STOCK,BUY,100,TO OPEN,BTBD,,,STOCK,4.44,4.44,LMT
8/4/2025 23:51,STOCK,SELL,-200,TO OPEN,SNGX,,,STOCK,3.61,3.61,LMT
8/4/2025 23:50,STOCK,SELL,-490,TO CLOSE,BTBD,,,STOCK,4.48,4.48,LMT
8/4/2025 23:50,STOCK,SELL,-10,TO CLOSE,BTBD,,,STOCK,4.48,4.48,LMT
8/4/2025 23:50,STOCK,BUY,200,TO OPEN,BTBD,,,STOCK,4.44,4.44,LMT
8/4/2025 23:50,STOCK,BUY,300,TO OPEN,BTBD,,,STOCK,4.1499,4.1499,LMT
8/4/2025 23:49,STOCK,BUY,100,TO CLOSE,SNGX,,,STOCK,3.6,3.6,LMT
8/4/2025 23:41,STOCK,SELL,-1500,TO OPEN,SNGX,,,STOCK,3.5301,3.5301,LMT
8/4/2025 23:40,STOCK,SELL,-1500,TO CLOSE,SNGX,,,STOCK,3.5006,3.5006,LMT
8/4/2025 23:37,STOCK,BUY,100,TO OPEN,SNGX,,,STOCK,3.585,3.585,LMT
8/4/2025 23:36,STOCK,BUY,100,TO OPEN,SNGX,,,STOCK,3.68,3.68,LMT
8/4/2025 23:34,STOCK,BUY,100,TO OPEN,SNGX,,,STOCK,3.61,3.61,LMT
8/4/2025 23:34,STOCK,BUY,200,TO OPEN,SNGX,,,STOCK,3.64,3.64,LMT
8/4/2025 23:33,STOCK,BUY,100,TO OPEN,SNGX,,,STOCK,3.84,3.84,LMT
8/4/2025 23:32,STOCK,SELL,-100,TO CLOSE,SNGX,,,STOCK,3.78,3.78,LMT
8/4/2025 23:32,STOCK,BUY,100,TO OPEN,SNGX,,,STOCK,3.85,3.85,LMT
8/4/2025 23:32,STOCK,BUY,5,TO OPEN,SNGX,,,STOCK,3.99,3.99,LMT
8/4/2025 23:32,STOCK,BUY,195,TO OPEN,SNGX,,,STOCK,3.99,3.99,LMT
8/4/2025 23:32,STOCK,BUY,200,TO OPEN,SNGX,,,STOCK,4.05,4.05,LMT
8/4/2025 23:29,STOCK,BUY,99,TO OPEN,SNGX,,,STOCK,4.19,4.19,LMT
8/4/2025 23:29,STOCK,BUY,100,TO OPEN,SNGX,,,STOCK,4.19,4.19,LMT
8/4/2025 23:29,STOCK,BUY,1,TO OPEN,SNGX,,,STOCK,4.19,4.19,LMT
8/4/2025 23:26,STOCK,BUY,300,TO OPEN,SNGX,,,STOCK,4.29,4.29,LMT
8/4/2025 23:24,STOCK,SELL,-166,TO CLOSE,SNGX,,,STOCK,4.41,4.41,LMT
8/4/2025 23:24,STOCK,SELL,-134,TO CLOSE,SNGX,,,STOCK,4.41,4.41,LMT
8/4/2025 23:23,STOCK,BUY,300,TO OPEN,SNGX,,,STOCK,4.3699,4.3699,LMT
8/4/2025 23:03,STOCK,SELL,-36,TO CLOSE,SNGX,,,STOCK,4.1803,4.18028,LMT
8/4/2025 23:02,STOCK,BUY,26,TO OPEN,SNGX,,,STOCK,4.09,4.09,LMT
8/4/2025 23:02,STOCK,BUY,10,TO OPEN,SNGX,,,STOCK,4.09,4.09,LMT
